X,Y
-1.08,-0.43
-1.08,-0.43
-0.43,-0.21
-0.43,-0.21
-0.43,-0.21
-0.43,-0.21
-1.07,0.00
-1.07,0.00
-1.07,0.00
-1.07,0.00
-1.08,-0.22
-1.08,-0.22
-1.08,-0.22
-1.08,-0.22
-0.86,-0.43
-0.86,-0.43
-0.86,-0.43
-0.86,-0.43
-1.06,-0.42
-1.06,-0.42
-1.06,-0.42
-1.06,-0.42
-0.87,-0.22
-0.87,-0.22
-0.87,-0.22
-0.87,-0.22
-0.86,-0.43
-0.86,-0.43
-0.86,-0.43
-0.86,-0.43
-1.08,-0.43
-1.08,-0.43
-1.08,-0.43
-1.08,-0.43
-0.65,0.00
-0.65,0.00
-0.65,0.00
-0.65,0.00
3.48,0.65
3.48,0.65
3.48,0.65
3.48,0.65
-1.07,-0.64
-1.07,-0.64
-1.07,-0.64
-1.07,-0.64
-1.05,1.47
-1.05,1.47
-1.05,1.47
-1.05,1.47
0.21,0.00
0.21,0.00
0.21,0.00
0.21,0.00
0.86,-1.93
0.86,-1.93
0.86,-1.93
0.86,-1.93
-1.31,1.53
-1.31,1.53
-1.31,1.53
-1.31,1.53
1.11,-1.11
1.11,-1.11
1.11,-1.11
1.11,-1.11
-2.28,-0.23
-2.28,-0.23
-2.28,-0.23
-2.28,-0.23
2.26,-0.62
2.26,-0.62
2.26,-0.62
2.26,-0.62
-1.69,-1.48
-1.69,-1.48
-1.69,-1.48
-1.69,-1.48
-3.56,-0.22
-3.56,-0.22
-3.56,-0.22
-3.56,-0.22
-0.59,-0.59
-0.59,-0.59
-0.59,-0.59
-0.59,-0.59
-2.97,-1.27
-2.97,-1.27
-2.97,-1.27
-2.97,-1.27
2.52,-0.46
2.52,-0.46
2.52,-0.46
2.52,-0.46
2.15,0.00
2.15,0.00
2.15,0.00
2.15,0.00
2.15,0.00
-1.85,-0.41
-1.85,-0.41
-1.85,-0.41
-1.85,-0.41
0.00,-0.20
0.00,-0.20
0.00,-0.20
0.00,-0.20
-0.66,4.16
-0.66,4.16
-0.66,4.16
-0.66,4.16
-6.98,-0.40
-6.98,-0.40
-6.98,-0.40
-6.98,-0.40
-0.65,2.37
-0.65,2.37
-0.65,2.37
-0.65,2.37
1.79,-2.68
1.79,-2.68
1.79,-2.68
1.79,-2.68
-7.34,14.29
-7.34,14.29
-7.34,14.29
-7.34,14.29
-5.40,-5.19
-5.40,-5.19
-5.40,-5.19
-5.40,-5.19
-1.41,-0.94
-1.41,-0.94
-1.41,-0.94
-1.41,-0.94
-3.72,6.77
-3.72,6.77
-3.72,6.77
-3.72,6.77
5.09,-7.41
5.09,-7.41
5.09,-7.41
5.09,-7.41
-6.25,-13.95
-6.25,-13.95
-6.25,-13.95
-6.25,-13.95
-4.36,3.48
-4.36,3.48
-4.36,3.48
-4.36,3.48
-2.80,7.43
-2.80,7.43
-2.80,7.43
-2.80,7.43
2.49,21.24
2.49,21.24
2.49,21.24
2.49,21.24
5.38,-6.22
5.38,-6.22
5.38,-6.22
5.38,-6.22
-9.38,-16.18
-9.38,-16.18
-9.38,-16.18
-9.38,-16.18
3.81,-30.01
3.81,-30.01
3.81,-30.01
3.81,-30.01
-7.53,6.20
-7.53,6.20
-7.53,6.20
-7.53,6.20
-13.06,12.86
-13.06,12.86
-13.06,12.86
-15.26,15.02
6.06,3.63
6.06,3.63
6.06,3.63
5.66,3.39
8.82,-17.19
8.82,-17.19
8.82,-17.19
7.99,-11.54
7.42,-11.18
7.42,-11.18
7.42,-11.18
-0.96,-4.21
-0.96,-4.21
-0.96,-4.21
-0.96,-4.21
13.11,18.80
13.11,18.80
13.11,18.80
13.11,18.80
-19.09,-8.67
-19.09,-8.67
-19.09,-8.67
-19.09,-8.67
-1.22,-3.95
-1.22,-3.95
-1.22,-3.95
-1.22,-3.95
-19.40,33.87
-19.40,33.87
-19.40,33.87
-19.40,33.87
21.79,-7.21
21.79,-7.21
21.79,-7.21
21.79,-7.21
23.31,-0.87
23.31,-0.87
23.31,-0.87
23.31,-0.87
-6.98,-6.25
-6.98,-6.25
-6.98,-6.25
-6.98,-6.25
-9.50,69.89
-9.50,69.89
-9.50,69.89
-9.50,69.89
7.20,9.92
7.20,9.92
7.20,9.92
7.20,9.92
-166.52,44.38
-166.52,44.38
-166.52,44.38
4.66,-7.55
4.31,-7.55
4.31,-7.55
4.31,-7.55
-7.54,-2.39
-7.54,-2.39
-7.54,-2.39
-7.54,-2.39
20.40,7.78
20.40,7.78
20.40,7.78
20.40,7.78
14.44,11.08
14.44,11.08
14.44,11.08
14.44,11.08
8.49,-3.15
8.49,-3.15
8.49,-3.15
8.49,-3.15
21.29,3.41
21.29,3.41
21.29,3.41
21.29,3.41
13.88,6.48
13.88,6.48
13.88,6.48
13.88,6.48
-146.58,51.51
-146.58,51.51
-146.58,51.51
-146.58,51.51
-66.03,11.32
-66.03,11.32
-66.03,11.32
-69.60,3.61
40.31,7.91
40.31,7.91
40.31,7.91
-165.07,18.25
-165.07,18.25
-165.07,18.25
-165.07,18.25
17.01,-4.80
17.01,-4.80
17.01,-4.80
17.01,-4.80
-8.70,-30.57
-8.70,-30.57
-8.70,-30.57
-8.70,-30.57
-133.35,10.13
-133.35,10.13
-133.35,10.13
-133.35,10.13
-175.08,-5.50
-175.08,-5.50
-175.08,-5.50
-4.51,73.52
-4.81,73.44
-4.81,73.44
-4.81,73.44
34.74,-15.14
34.74,-15.14
34.74,-15.14
34.74,-15.14
-131.54,40.97
-131.54,40.97
-131.54,40.97
-131.54,40.97
3.53,-36.17
3.53,-36.17
3.53,-36.17
3.53,-36.17
-115.68,-16.72
-115.68,-16.72
-115.68,-16.72
-115.68,-16.72
-136.70,14.09
-136.70,14.09
-136.70,14.09
32.80,33.86
32.80,33.86
32.80,33.86
32.80,33.86
136.07,4.64
136.07,4.64
136.07,4.64
136.07,4.64
36.38,16.49
36.38,16.49
36.38,16.49
36.38,16.49
6.48,14.94
6.48,14.94
6.48,14.94
6.48,14.94
-34.82,-17.75
-34.82,-17.75
-34.82,-17.75
-34.82,-17.75
-8.87,-1.85
-8.87,-1.85
-8.87,-1.85
-8.87,-1.85
-132.92,-18.37
-132.92,-18.37
-132.92,-18.37
-155.91,18.41
-155.82,18.39
-155.82,18.39
-155.82,18.39
17.87,28.61
17.87,28.61
17.87,28.61
17.87,28.61
157.66,33.36
157.66,33.36
157.66,33.36
157.66,33.36
44.66,19.54
44.66,19.54
44.66,19.54
44.66,19.54
1.17,18.13
1.17,18.13
1.17,18.13
1.17,18.13
-36.00,-23.70
-36.00,-23.70
-36.00,-23.70
-3.44,-0.36
-3.44,-0.36
-3.44,-0.36
-3.44,-0.36
18.34,-69.95
18.34,-69.95
18.34,-69.95
18.34,-69.95
-137.75,18.05
-137.75,18.05
-137.75,18.05
-137.75,18.05
151.74,20.80
151.74,20.80
151.74,20.80
151.74,20.80
23.66,8.41
23.66,8.41
23.66,8.41
149.50,10.66
158.20,41.69
158.20,41.69
158.20,41.69
44.57,-7.03
44.57,-7.03
44.57,-7.03
44.57,-7.03
16.63,-14.79
16.63,-14.79
16.63,-14.79
16.63,-14.79
-40.32,-23.79
-40.32,-23.79
-40.32,-23.79
-40.32,-23.79
-37.52,-12.45
-37.52,-12.45
-37.52,-12.45
-37.52,-12.45
-30.36,-18.40
-30.36,-18.40
-30.36,-18.40
-137.29,6.78
-137.29,6.78
-137.29,6.78
-137.29,6.78
-167.17,-6.65
-167.17,-6.65
-167.17,-6.65
-167.17,-6.65
49.15,6.43
49.15,6.43
49.15,6.43
49.15,6.43
151.70,33.09
151.70,33.09
151.70,33.09
151.70,33.09
53.33,13.79
53.33,13.79
53.33,13.79
39.45,24.58
28.89,28.14
28.89,28.14
28.89,28.14
-36.40,-27.49
-36.40,-27.49
-36.40,-27.49
-36.40,-27.49
-31.64,11.33
-31.64,11.33
-31.64,11.33
-31.64,11.33
2.35,-18.01
2.35,-18.01
2.35,-18.01
2.35,-18.01
-134.00,9.78
-134.00,9.78
-134.00,9.78
-134.00,9.78
-173.16,25.73
-173.16,25.73
-173.16,25.73
-163.98,65.36
115.00,23.56
115.00,23.56
115.00,23.56
169.12,51.41
169.12,51.41
169.12,51.41
169.12,51.41
47.65,6.43
47.65,6.43
47.65,6.43
47.65,6.43
43.70,-12.28
43.70,-12.28
43.70,-12.28
43.70,-12.28
-35.37,-14.70
-35.37,-14.70
-35.37,-14.70
-50.39,-16.81
-28.23,-23.42
-28.23,-23.42
-28.23,-23.42
-9.39,-41.06
-9.39,-41.06
-9.39,-41.06
-9.39,-41.06
-129.41,-10.03
-129.41,-10.03
-129.41,-10.03
-129.41,-10.03
-161.48,8.55
-161.48,8.55
-161.48,8.55
-161.48,8.55
36.65,2.61
36.65,2.61
36.65,2.61
117.77,3.87
112.55,-0.55
112.55,-0.55
112.55,-0.55
2.62,18.97
2.62,18.97
2.62,18.97
2.62,18.97
40.55,13.90
40.55,13.90
40.55,13.90
40.55,13.90
-32.07,-34.77
-32.07,-34.77
-32.07,-34.77
-32.07,-34.77
-33.75,-16.41
-33.75,-16.41
-33.75,-16.41
-33.75,-16.41
-14.27,-32.01
-14.27,-32.01
-14.27,-32.01
-14.27,-32.01
-140.61,21.71
-140.61,21.71
-140.61,21.71
150.60,25.34
150.60,25.34
150.60,25.34
150.60,25.34
6.84,33.00
6.84,33.00
6.84,33.00
6.84,33.00
128.90,22.68
128.90,22.68
128.90,22.68
128.90,22.68
41.85,19.33
41.85,19.33
41.85,19.33
41.85,19.33
-17.85,27.73
-17.85,27.73
-17.85,27.73
-11.58,17.75
-37.93,-22.56
-37.93,-22.56
-37.93,-22.56
17.87,-11.22
17.87,-11.22
17.87,-11.22
17.87,-11.22
-51.51,-36.49
-51.51,-36.49
-51.51,-36.49
-51.51,-36.49
-143.04,8.15
-143.04,8.15
-143.04,8.15
-143.04,8.15
39.41,-0.45
39.41,-0.45
39.41,-0.45
39.41,-0.45
39.64,42.62
39.64,42.62
39.64,42.62
46.34,-9.41
41.81,-10.33
41.81,-10.33
41.81,-10.33
33.31,-10.86
33.31,-10.86
33.31,-10.86
33.31,-10.86
-34.85,-41.27
-34.85,-41.27
-34.85,-41.27
-34.85,-41.27
-38.14,-18.79
-38.14,-18.79
-38.14,-18.79
-38.14,-18.79
-11.85,-23.27
-11.85,-23.27
-11.85,-23.27
-168.07,-23.42
-150.71,25.41
-150.71,25.41
-150.71,25.41
142.56,-11.49
142.56,-11.49
142.56,-11.49
142.56,-11.49
-155.47,54.24
-155.47,54.24
-155.47,54.24
-155.47,54.24
-174.70,51.79
-174.70,51.79
-174.70,51.79
-6.42,3.27
47.30,1.98
47.30,1.98
47.30,1.98
44.60,6.80
13.17,9.32
13.17,9.32
13.17,9.32
-37.34,-20.21
-37.34,-20.21
-37.34,-20.21
-37.34,-20.21
11.45,6.36
11.45,6.36
11.45,6.36
11.45,6.36
-146.69,-22.70
-146.69,-22.70
-146.69,-22.70
-146.69,-22.70
-150.19,24.61
-150.19,24.61
-150.19,24.61
-38.69,4.20
50.82,3.22
50.82,3.22
50.82,3.22
146.25,46.57
146.25,46.57
146.25,46.57
146.25,46.57
30.20,44.38
30.20,44.38
30.20,44.38
30.20,44.38
29.62,-0.39
29.62,-0.39
29.62,-0.39
29.62,-0.39
-9.28,-42.85
-9.28,-42.85
-9.28,-42.85
-9.28,-42.85
13.47,-31.59
13.47,-31.59
13.47,-31.59
13.47,-31.59
-28.10,15.23
-28.10,15.23
-28.10,15.23
-168.40,21.62
-137.18,16.01
-137.18,16.01
-137.18,16.01
62.35,-23.22
62.35,-23.22
62.35,-23.22
62.35,-23.22
30.65,34.28
30.65,34.28
30.65,34.28
30.65,34.28
-176.12,18.75
-176.12,18.75
-176.12,18.75
-176.12,18.75
41.32,-25.64
41.32,-25.64
41.32,-25.64
-25.74,-29.41
-25.82,-29.39
-25.82,-29.39
-25.82,-29.39
-41.00,-21.90
-41.00,-21.90
-41.00,-21.90
-41.00,-21.90
-23.91,-39.20
-23.91,-39.20
-23.91,-39.20
-23.91,-39.20
-122.86,-26.18
-122.86,-26.18
-122.86,-26.18
-122.86,-26.18
-158.20,-17.07
-158.20,-17.07
-158.20,-17.07
26.81,47.29
26.81,47.29
26.81,47.29
26.81,47.29
160.94,31.72
160.94,31.72
160.94,31.72
160.94,31.72
45.49,10.64
45.49,10.64
45.49,10.64
45.49,10.64
25.04,7.77
25.04,7.77
25.04,7.77
25.04,7.77
-36.78,-26.89
-36.78,-26.89
-36.78,-26.89
-36.78,-26.89
12.27,-13.04
12.27,-13.04
12.27,-13.04
-9.56,3.21
-9.56,3.21
-9.56,3.21
-9.56,3.21
-135.29,13.06
-135.29,13.06
-135.29,13.06
-135.29,13.06
137.22,-7.36
137.22,-7.36
137.22,-7.36
137.22,-7.36
37.25,30.51
37.25,30.51
37.25,30.51
37.25,30.51
140.18,22.63
140.18,22.63
140.18,22.63
45.41,25.33
43.77,29.85
43.77,29.85
43.77,29.85
-11.55,41.12
-11.30,41.16
-11.30,41.16
-11.30,41.16
-18.77,-29.53
-18.77,-29.53
-18.77,-29.53
-18.77,-29.53
-5.77,-5.91
-5.77,-5.91
-5.77,-5.91
-5.77,-5.91
23.03,0.00
23.03,0.00
23.03,0.00
23.03,0.00
-139.58,21.25
-139.58,21.25
-139.58,21.25
-139.58,21.25
155.06,30.59
155.06,30.59
155.06,30.59
155.06,30.59
40.53,5.21
40.53,5.21
40.53,5.21
121.71,6.83
154.42,15.78
154.42,15.78
154.42,15.78
39.94,9.79
39.94,9.79
39.94,9.79
39.94,9.79
11.30,-2.09
11.30,-2.09
11.30,-2.09
11.30,-2.09
-29.68,-37.91
-29.68,-37.91
-29.68,-37.91
-29.68,-37.91
4.63,-10.19
4.63,-10.19
4.63,-10.19
4.63,-10.19
-57.19,6.54
-57.19,6.54
-57.19,6.54
-57.19,6.54
-135.70,8.98
-135.70,8.98
-135.70,8.98
-135.70,8.98
119.34,-17.67
119.34,-17.67
119.34,-17.67
8.53,35.93
8.53,35.93
8.53,35.93
8.53,35.93
-177.73,28.03
-177.73,28.03
-177.73,28.03
-177.73,28.03
32.97,-15.94
32.97,-15.94
32.97,-15.94
32.97,-15.94
-1.34,6.93
-1.34,6.93
-1.34,6.93
-1.34,6.93
-36.79,-29.31
-36.79,-29.31
-36.79,-29.31
-36.79,-29.31
-7.02,-22.30
-7.02,-22.30
-7.02,-22.30
-10.02,-32.67
-48.52,-8.36
-48.52,-8.36
-48.52,-8.36
-135.08,-3.10
-135.08,-3.10
-135.08,-3.10
-135.08,-3.10
57.37,19.69
57.37,19.69
57.37,19.69
57.37,19.69
170.23,27.40
170.23,27.40
170.23,27.40
170.23,27.40
164.22,30.34
164.22,30.34
164.22,30.34
14.84,28.43
36.89,-4.92
36.89,-4.92
36.89,-4.92
33.88,-22.29
-33.26,-22.46
-33.26,-22.46
-33.26,-22.46
-31.52,-26.48
-31.52,-26.48
-31.52,-26.48
-31.52,-26.48
-17.57,-30.25
-17.57,-30.25
-17.57,-30.25
-17.57,-30.25
-135.24,-20.12
-135.24,-20.12
-135.24,-20.12
-135.24,-20.12
-157.26,20.47
-157.26,20.47
-157.26,20.47
48.52,35.62
48.52,35.62
48.52,35.62
48.52,35.62
145.90,33.89
145.90,33.89
145.90,33.89
145.90,33.89
40.38,20.25
40.38,20.25
40.38,20.25
40.38,20.25
24.25,-4.86
24.25,-4.86
24.25,-4.86
24.25,-4.86
-43.16,-11.43
-43.16,-11.43
-43.16,-11.43
-44.24,-4.67
-30.78,-5.60
-30.78,-5.60
-30.78,-5.60
-4.74,-14.14
-4.74,-14.14
-4.74,-14.14
-4.74,-14.14
-142.90,8.14
-142.90,8.14
-142.90,8.14
-142.90,8.14
150.80,28.52
150.80,28.52
150.80,28.52
150.80,28.52
9.16,45.39
9.16,45.39
9.16,45.39
9.16,45.39
118.76,24.38
118.76,24.38
118.76,24.38
32.87,14.81
38.37,29.13
38.37,29.13
38.37,29.13
-23.90,0.82
-23.90,0.82
-23.90,0.82
-23.90,0.82
-23.74,-22.11
-23.74,-22.11
-23.74,-22.11
-23.74,-22.11
38.05,5.66
38.05,5.66
38.05,5.66
38.05,5.66
-68.10,-15.96
-68.10,-15.96
-68.10,-15.96
-68.10,-15.96
-147.30,23.33
-147.30,23.33
-147.30,23.33
-36.46,25.83
46.48,19.60
46.48,19.60
46.48,19.60
115.17,24.31
115.17,24.31
115.17,24.31
115.17,24.31
140.98,50.92
140.98,50.92
140.98,50.92
140.98,50.92
15.52,38.64
15.52,38.64
15.52,38.64
15.52,38.64
-30.81,-32.53
-30.81,-32.53
-30.81,-32.53
-29.60,-31.24
-7.80,-3.78
-7.80,-3.78
-7.80,-3.78
-6.46,-34.21
-14.25,-33.19
-14.25,-33.19
-14.25,-33.19
-142.75,-3.57
-142.75,-3.57
-142.75,-3.57
-142.75,-3.57
161.16,32.38
161.16,32.38
161.16,32.38
161.16,32.38
27.50,28.26
27.50,28.26
27.50,28.26
27.50,28.26
166.08,43.67
166.08,43.67
166.08,43.67
11.45,-25.56
38.90,-19.96
38.90,-19.96
38.90,-19.96
-11.80,-30.08
-11.80,-30.08
-11.80,-30.08
-11.80,-30.08
-27.28,-31.89
-27.28,-31.89
-27.28,-31.89
-27.28,-31.89
16.37,-26.31
16.37,-26.31
16.37,-26.31
16.37,-26.31
-135.61,-28.90
-135.61,-28.90
-135.61,-28.90
-142.18,-25.06
-172.51,-9.49
-172.51,-9.49
-172.51,-9.49
43.92,34.66
43.92,34.66
43.92,34.66
43.92,34.66
146.83,37.04
146.83,37.04
146.83,37.04
146.83,37.04
41.51,12.81
41.51,12.81
41.51,12.81
41.51,12.81
10.56,-17.81
10.56,-17.81
10.56,-17.81
10.56,-17.81
-35.45,-34.89
-35.45,-34.89
-35.45,-34.89
-26.58,-14.62
-26.58,-14.62
-26.58,-14.62
-26.58,-14.62
-26.71,-23.32
-26.71,-23.32
-26.71,-23.32
-26.71,-23.32
-138.98,21.84
-138.98,21.84
-138.98,21.84
-138.98,21.84
59.39,9.77
59.39,9.77
59.39,9.77
108.27,10.79
-148.45,43.82
-148.45,43.82
-148.45,43.82
12.78,10.24
12.78,10.24
12.78,10.24
12.78,10.24
27.10,15.72
27.10,15.72
27.10,15.72
27.10,15.72
-22.89,-28.23
-22.89,-28.23
-22.89,-28.23
-22.89,-28.23
-29.77,-23.67
-29.77,-23.67
-29.77,-23.67
-34.69,-27.39
-23.05,-8.74
-23.05,-8.74
-23.05,-8.74
-138.30,-3.60
-138.30,-3.60
-138.30,-3.60
-138.30,-3.60
148.76,13.17
148.76,13.17
148.76,13.17
148.76,13.17
12.03,77.32
12.03,77.32
12.03,77.32
12.03,77.32
142.93,40.70
142.93,40.70
142.93,40.70
30.05,32.80
44.85,4.20
44.85,4.20
44.85,4.20
44.80,4.83
-19.90,6.52
-19.90,6.52
-19.90,6.52
-36.55,-31.05
-36.55,-31.05
-36.55,-31.05
-36.55,-31.05
1.94,8.35
1.94,8.35
1.94,8.35
1.94,8.35
-150.76,-16.97
-150.76,-16.97
-150.76,-16.97
-150.76,-16.97
-155.02,26.17
-155.02,26.17
-155.02,26.17
-155.02,26.17
19.70,39.00
19.70,39.00
19.70,39.00
159.64,40.50
141.54,24.72
141.54,24.72
141.54,24.72
45.91,5.82
45.91,5.82
45.91,5.82
45.91,5.82
25.28,13.28
25.28,13.28
25.28,13.28
25.28,13.28
-6.87,-33.57
-6.87,-33.57
-6.87,-33.57
-6.87,-33.57
8.24,9.26
8.24,9.26
8.24,9.26
8.24,9.26
1.68,-57.44
1.68,-57.44
1.68,-57.44
1.68,-57.44
-135.01,1.27
-135.01,1.27
-135.01,1.27
-135.01,1.27
139.11,42.34
139.11,42.34
139.11,42.34
30.41,13.55
43.86,11.52
43.86,11.52
43.86,11.52
138.92,26.96
138.92,26.96
138.92,26.96
138.92,26.96
40.84,30.70
40.84,30.70
40.84,30.70
40.84,30.70
0.32,19.04
0.32,19.04
0.32,19.04
0.32,19.04
-26.22,13.05
-26.22,13.05
-26.22,13.05
-26.22,13.05
4.79,62.99
4.79,62.99
4.79,62.99
4.79,62.99
-9.60,1.09
-9.60,1.09
-9.60,1.09
-9.60,1.09
-142.97,14.46
-142.97,14.46
-142.97,14.46
-135.26,40.81
130.76,36.93
130.76,36.93
130.76,36.93
16.13,41.03
16.13,41.03
16.13,41.03
16.13,41.03
161.20,35.96
161.20,35.96
161.20,35.96
161.20,35.96
51.26,19.42
51.26,19.42
51.26,19.42
51.26,19.42
4.40,-16.75
4.40,-16.75
4.40,-16.75
4.40,-16.75
-22.55,-37.16
-22.55,-37.16
-22.55,-37.16
2.63,-12.80
2.85,-12.80
2.85,-12.80
2.85,-12.80
-13.15,-24.76
-13.15,-24.76
-13.15,-24.76
-13.15,-24.76
-128.34,5.31
-128.34,5.31
-128.34,5.31
-128.34,5.31
176.01,29.71
176.01,29.71
176.01,29.71
176.01,29.71
38.22,32.39
38.22,32.39
38.22,32.39
38.22,32.39
119.52,27.33
119.52,27.33
119.52,27.33
36.88,15.50
36.88,15.50
36.88,15.50
36.88,15.50
19.93,-14.61
19.93,-14.61
19.93,-14.61
19.93,-14.61
-13.71,-43.39
-13.71,-43.39
-13.71,-43.39
-13.71,-43.39
-4.86,-40.35
-4.86,-40.35
-4.86,-40.35
-4.86,-40.35
-44.08,-16.67
-44.08,-16.67
-44.08,-16.67
-140.28,-15.28
-135.03,-1.75
-135.03,-1.75
-135.03,-1.75
153.43,-32.40
153.43,-32.40
153.43,-32.40
153.43,-32.40
17.25,29.67
17.25,29.67
17.25,29.67
17.25,29.67
180.00,6.86
180.00,6.86
180.00,6.86
180.00,6.86
50.11,11.84
50.11,11.84
50.11,11.84
50.11,11.84
-13.93,13.16
-13.93,13.16
-13.93,13.16
-12.03,11.37
-35.04,-34.56
-35.04,-34.56
-35.04,-34.56
-15.33,-31.16
-15.33,-31.16
-15.33,-31.16
-15.33,-31.16
-137.08,-37.39
-137.08,-37.39
-137.08,-37.39
-137.08,-37.39
-148.63,0.48
-148.63,0.48
-148.63,0.48
-148.63,0.48
37.82,1.24
37.82,1.24
37.82,1.24
37.82,1.24
151.03,-21.65
151.03,-21.65
151.03,-21.65
37.89,-6.06
37.89,-6.06
37.89,-6.06
37.89,-6.06
4.12,-6.80
4.12,-6.80
4.12,-6.80
4.12,-6.80
-37.05,-31.56
-37.05,-31.56
-37.05,-31.56
-37.05,-31.56
-14.34,-20.77
-14.34,-20.77
-14.34,-20.77
-14.34,-20.77
-52.21,-25.61
-52.21,-25.61
-52.21,-25.61
-52.21,-25.61
-138.98,4.39
-138.98,4.39
-138.98,4.39
-82.27,6.63
43.41,46.25
43.41,46.25
43.41,46.25
177.29,-17.93
177.29,-17.93
177.29,-17.93
177.29,-17.93
36.11,18.87
36.11,18.87
36.11,18.87
36.11,18.87
8.16,26.28
8.16,26.28
8.16,26.28
8.16,26.28
-34.88,-31.92
-34.88,-31.92
-34.88,-31.92
-34.88,-31.92
-0.65,-15.46
-0.65,-15.46
-0.65,-15.46
-0.65,-15.46
-146.05,-25.71
-146.05,-25.71
-146.05,-25.71
-141.21,-0.61
-141.21,-0.61
-141.21,-0.61
-141.21,-0.61
131.50,36.62
131.50,36.62
131.50,36.62
131.50,36.62
160.94,45.80
160.94,45.80
160.94,45.80
160.94,45.80
131.71,39.51
131.71,39.51
131.71,39.51
40.89,3.47
40.69,3.48
40.69,3.48
40.69,3.48
-31.39,-21.92
-31.39,-21.92
-31.39,-21.92
-31.39,-21.92
-24.30,-26.47
-24.30,-26.47
-24.30,-26.47
-24.30,-26.47
-3.25,-11.32
-3.25,-11.32
-3.25,-11.32
-3.25,-11.32
-141.37,11.29
-141.37,11.29
-141.37,11.29
-141.37,11.29
150.06,23.59
150.06,23.59
150.06,23.59
1.00,26.92
1.00,26.92
1.00,26.92
1.00,26.92
143.63,20.95
143.63,20.95
143.63,20.95
143.63,20.95
42.82,16.01
42.82,16.01
42.82,16.01
42.82,16.01
-14.35,-8.42
-14.35,-8.42
-14.35,-8.42
-14.35,-8.42
-27.31,-30.76
-27.31,-30.76
-27.31,-30.76
-27.31,-30.76
9.73,-6.29
9.73,-6.29
9.73,-6.29
132.24,-28.65
-118.91,-27.61
-118.91,-27.61
-118.91,-27.61
-143.33,12.75
-143.33,12.75
-143.33,12.75
-143.33,12.75
57.49,19.71
57.49,19.71
57.49,19.71
57.49,19.71
143.48,53.01
143.48,53.01
143.48,53.01
144.32,51.52
140.07,46.51
140.07,46.51
140.07,46.51
9.05,26.92
9.05,26.92
9.05,26.92
9.05,26.92
-32.76,-29.92
-32.76,-29.92
-32.76,-29.92
-32.76,-29.92
9.53,-27.65
9.53,-27.65
9.53,-27.65
9.53,-27.65
-1.36,-21.70
-1.36,-21.70
-1.36,-21.70
-1.36,-21.70
-134.18,-8.50
-134.18,-8.50
-134.18,-8.50
-134.18,-8.50
167.00,37.81
167.00,37.81
167.00,37.81
17.54,55.27
18.44,62.11
18.44,62.11
18.44,62.11
160.00,27.49
160.00,27.49
160.00,27.49
160.00,27.49
44.65,3.82
44.65,3.82
44.65,3.82
44.65,3.82
21.71,-5.10
21.71,-5.10
21.71,-5.10
21.71,-5.10
-31.90,-35.49
-31.90,-35.49
-31.90,-35.49
-31.90,-35.49
-9.63,-1.04
-9.63,-1.04
-9.63,-1.04
-9.63,-1.04
-57.09,-25.76
-57.09,-25.76
-57.09,-25.76
-147.78,16.02
-136.65,13.86
-136.65,13.86
-136.65,13.86
41.48,-26.43
41.48,-26.43
41.48,-26.43
41.48,-26.43
2.58,26.19
2.58,26.19
2.58,26.19
2.58,26.19
-53.60,-34.00
-53.60,-34.00
-53.60,-34.00
-53.60,-34.00
35.35,-24.01
35.35,-24.01
35.35,-24.01
35.35,-24.01
-32.22,-33.96
-32.22,-33.96
-32.22,-33.96
-31.86,-33.59
-34.90,-10.57
-34.90,-10.57
-34.90,-10.57
-12.16,-38.85
-12.16,-38.85
-12.16,-38.85
-12.16,-38.85
-112.73,-13.39
-112.73,-13.39
-112.73,-13.39
-112.73,-13.39
-148.94,-12.22
-148.94,-12.22
-148.94,-12.22
-148.94,-12.22
45.57,28.58
45.57,28.58
45.57,28.58
159.69,5.58
159.69,5.58
159.69,5.58
159.69,5.58
66.63,-12.44
66.63,-12.44
66.63,-12.44
66.63,-12.44
28.75,-4.71
28.75,-4.71
28.75,-4.71
28.75,-4.71
-32.58,-25.69
-32.58,-25.69
-32.58,-25.69
-32.58,-25.69
-12.21,-10.69
-12.21,-10.69
-12.21,-10.69
-41.88,-35.85
2.97,18.88
2.97,18.88
2.97,18.88
-140.09,10.84
-140.09,10.84
-140.09,10.84
-140.09,10.84
126.29,22.23
126.29,22.23
126.29,22.23
126.29,22.23
10.75,40.41
10.75,40.41
10.75,40.41
10.75,40.41
109.10,9.14
109.10,9.14
109.10,9.14
109.10,9.14
43.75,12.05
43.75,12.05
43.75,12.05
44.57,-7.03
-14.30,-9.59
-14.30,-9.59
-14.30,-9.59
-16.90,-34.88
-16.90,-34.88
-16.90,-34.88
-16.90,-34.88
36.71,10.61
36.71,10.61
36.71,10.61
36.71,10.61
-55.61,-26.52
-55.61,-26.52
-55.61,-26.52
-55.61,-26.52
-147.75,15.43
-147.75,15.43
-147.75,15.43
-54.19,29.21
64.38,21.14
64.38,21.14
64.38,21.14
148.31,58.01
148.31,58.01
148.31,58.01
148.31,58.01
-167.77,60.32
-167.77,60.32
-167.77,60.32
-167.77,60.32
41.92,1.09
41.92,1.09
41.92,1.09
41.92,1.09
-10.67,-41.46
-10.67,-41.46
-10.67,-41.46
-10.67,-41.46
1.99,-9.46
1.99,-9.46
1.99,-9.46
2.00,8.03
-11.95,7.86
-11.95,7.86
-11.95,7.86
-136.81,10.68
-136.81,10.68
-136.81,10.68
-136.81,10.68
123.78,31.82
123.78,31.82
123.78,31.82
123.78,31.82
10.56,52.06
10.56,52.06
10.56,52.06
10.56,52.06
164.54,72.84
164.54,72.84
164.54,72.84
43.14,-14.76
43.14,-14.76
43.14,-14.76
43.14,-14.76
-5.49,-32.10
-5.49,-32.10
-5.49,-32.10
-5.49,-32.10
-23.82,-38.62
-23.82,-38.62
-23.82,-38.62
-23.82,-38.62
-13.82,-39.36
-13.82,-39.36
-13.82,-39.36
-13.82,-39.36
-135.06,-2.54
-135.06,-2.54
-135.06,-2.54
-134.38,-2.57
-167.42,-19.41
-167.42,-19.41
-167.42,-19.41
31.05,34.36
31.05,34.36
31.05,34.36
31.05,34.36
143.41,-8.06
143.41,-8.06
143.41,-8.06
143.41,-8.06
52.14,-18.92
52.14,-18.92
52.14,-18.92
52.14,-18.92
5.55,-7.44
5.55,-7.44
5.55,-7.44
5.55,-7.44
-34.01,-32.83
-34.01,-32.83
-34.01,-32.83
-34.01,-32.83
-26.18,-23.90
-26.18,-23.90
-26.18,-23.90
-32.85,-48.06
-32.85,-48.06
-32.85,-48.06
-32.85,-48.06
-136.33,11.63
-136.33,11.63
-136.33,11.63
-136.33,11.63
32.27,23.15
32.27,23.15
32.27,23.15
32.27,23.15
139.50,16.78
139.50,16.78
139.50,16.78
10.97,4.85
27.65,-20.00
27.65,-20.00
27.65,-20.00
36.73,-6.96
36.73,-6.96
36.73,-6.96
36.73,-6.96
-33.77,-24.40
-33.77,-24.40
-33.77,-24.40
-33.77,-24.40
-10.25,-13.65
-10.25,-13.65
-10.25,-13.65
-10.25,-13.65
-24.58,-19.86
-24.58,-19.86
-24.58,-19.86
-24.58,-19.86
-135.48,7.43
-135.48,7.43
-135.48,7.43
-137.01,15.35
139.30,15.78
139.30,15.78
139.30,15.78
-175.03,75.32
-175.03,75.32
-175.03,75.32
-175.03,75.32
144.66,27.09
144.66,27.09
144.66,27.09
144.66,27.09
44.68,6.09
44.68,6.09
44.68,6.09
44.68,6.09
-6.63,-19.60
-6.63,-19.60
-6.63,-19.60
-6.61,-20.09
-8.27,-20.02
-8.27,-20.02
-8.27,-20.02
-23.51,-17.65
-23.51,-17.65
-23.51,-17.65
-23.51,-17.65
-139.38,10.25
-139.38,10.25
-139.38,10.25
-139.38,10.25
152.32,24.85
152.32,24.85
152.32,24.85
152.32,24.85
5.56,59.48
5.56,59.48
5.56,59.48
6.30,77.35
69.71,-15.03
69.71,-15.03
69.71,-15.03
38.81,26.11
38.81,26.11
38.81,26.11
38.81,26.11
-36.25,0.72
-36.25,0.72
-36.25,0.72
-36.25,0.72
-35.64,-29.42
-35.64,-29.42
-35.64,-29.42
-35.64,-29.42
7.42,7.75
7.42,7.75
7.42,7.75
7.42,7.75
-156.76,-39.47
-156.76,-39.47
-156.76,-39.47
-156.76,-39.47
-135.64,8.59
-135.64,8.59
-135.64,8.59
-47.69,29.63
47.74,29.56
47.74,29.56
47.74,29.56
45.24,26.29
45.24,26.29
45.24,26.29
45.24,26.29
125.13,34.66
125.13,34.66
125.13,34.66
125.13,34.66
29.34,34.62
29.34,34.62
29.34,34.62
29.34,34.62
-39.18,9.54
-39.18,9.54
-39.18,9.54
-39.18,9.54
-33.84,16.81
-33.84,16.81
-33.84,16.81
-32.14,16.03
-16.93,-1.83
-16.93,-1.83
-16.93,-1.83
-126.31,-11.21
-126.31,-11.21
-126.31,-11.21
-126.31,-11.21
-149.43,18.07
-149.43,18.07
-149.43,18.07
-149.43,18.07
35.75,53.43
35.75,53.43
35.75,53.43
35.75,53.43
158.73,35.41
158.73,35.41
158.73,35.41
38.05,22.27
38.05,22.27
38.05,22.27
38.05,22.27
30.67,9.34
30.67,9.34
30.67,9.34
30.67,9.34
-29.77,-33.06
-29.77,-33.06
-29.77,-33.06
-29.77,-33.06
32.98,6.46
32.98,6.46
32.98,6.46
32.98,6.46
-61.87,4.73
-61.87,4.73
-61.87,4.73
-61.87,4.73
-141.02,17.14
-141.02,17.14
-141.02,17.14
-141.02,17.14
93.79,2.22
93.79,2.22
93.79,2.22
59.33,-26.70
66.09,-20.92
66.09,-20.92
66.09,-20.92
26.33,-26.86
26.33,-26.86
26.33,-26.86
26.33,-26.86
44.07,3.06
44.07,3.06
44.07,3.06
44.07,3.06
-20.98,-27.35
-20.98,-27.35
-20.98,-27.35
-20.98,-27.35
-20.70,-26.84
-20.70,-26.84
-20.70,-26.84
-20.70,-26.84
-42.30,-17.37
-42.30,-17.37
-42.30,-17.37
-147.92,-28.57
-139.33,-25.35
-139.33,-25.35
-139.33,-25.35
164.22,-0.85
164.22,-0.85
164.22,-0.85
164.22,-0.85
0.32,19.34
0.32,19.34
0.32,19.34
0.32,19.34
168.00,4.39
168.00,4.39
168.00,4.39
168.00,4.39
43.74,-12.39
43.74,-12.39
43.74,-12.39
44.15,-12.48
-17.82,-29.30
-17.82,-29.30
-17.82,-29.30
-30.71,-33.76
-30.71,-33.76
-30.71,-33.76
-30.71,-33.76
-2.59,-27.43
-2.59,-27.43
-2.59,-27.43
-2.59,-27.43
-52.11,-37.69
-52.11,-37.69
-52.11,-37.69
-52.11,-37.69
-137.10,15.72
-137.10,15.72
-137.10,15.72
-137.10,15.72
117.67,21.48
117.67,21.48
117.67,21.48
-179.74,37.90
-179.74,37.90
-179.74,37.90
-179.74,37.90
23.52,38.97
23.52,38.97
23.52,38.97
23.52,38.97
10.11,1.55
10.11,1.55
10.11,1.55
10.11,1.55
-39.38,-19.49
-39.38,-19.49
-39.38,-19.49
-39.38,-19.49
-19.48,-30.07
-19.48,-30.07
-19.48,-30.07
-22.55,-35.17
17.31,-33.40
17.31,-33.40
17.31,-33.40
-141.20,27.60
-141.20,27.60
-141.20,27.60
-141.20,27.60
139.44,35.34
139.44,35.34
139.44,35.34
139.44,35.34
8.37,37.60
8.37,37.60
8.37,37.60
8.37,37.60
47.97,26.65
47.97,26.65
47.97,26.65
47.97,26.65
44.83,-4.44
44.83,-4.44
44.83,-4.44
65.28,-5.72
26.53,-32.33
26.53,-32.33
26.53,-32.33
13.96,-19.52
13.96,-19.52
13.96,-19.52
13.96,-19.52
9.23,-34.29
9.23,-34.29
9.23,-34.29
9.23,-34.29
-139.99,-0.98
-139.99,-0.98
-139.99,-0.98
-139.99,-0.98
172.95,40.16
172.95,40.16
172.95,40.16
172.95,40.16
20.92,45.21
20.92,45.21
20.92,45.21
160.49,38.58
160.41,38.56
160.41,38.56
160.41,38.56
26.04,-10.05
26.04,-10.05
26.04,-10.05
26.04,-10.05
9.27,16.58
9.27,16.58
9.27,16.58
9.27,16.58
-38.29,-21.61
-38.29,-21.61
-38.29,-21.61
-38.29,-21.61
14.97,5.30
14.97,5.30
14.97,5.30
14.97,5.30
-42.80,-12.18
-42.80,-12.18
-42.80,-12.18
-148.08,7.93
-135.38,6.64
-135.38,6.64
-135.38,6.64
51.80,20.47
51.80,20.47
51.80,20.47
51.80,20.47
43.89,37.02
43.89,37.02
43.89,37.02
43.89,37.02
46.78,-0.69
46.78,-0.69
46.78,-0.69
46.78,-0.69
36.78,-15.07
36.78,-15.07
36.78,-15.07
36.78,-15.07
-23.47,-33.07
-23.47,-33.07
-23.47,-33.07
-26.98,6.86
-32.90,6.56
-32.90,6.56
-32.90,6.56
-47.23,-7.22
-47.35,-7.21
-47.35,-7.21
-47.35,-7.21
-135.08,2.94
-135.08,2.94
-135.08,2.94
-135.08,2.94
139.66,-32.21
139.66,-32.21
139.66,-32.21
139.66,-32.21
-26.94,21.74
-26.94,21.74
-26.94,21.74
-26.94,21.74
145.95,14.04
145.95,14.04
145.95,14.04
44.74,-4.84
44.68,-4.84
44.68,-4.84
44.68,-4.84
-37.60,-12.76
-37.60,-12.76
-37.60,-12.76
-37.60,-12.76
-33.49,-30.60
-33.49,-30.60
-33.49,-30.60
-33.49,-30.60
-30.99,-26.78
-30.99,-26.78
-30.99,-26.78
-30.99,-26.78
-119.11,-25.90
-119.11,-25.90
-119.11,-25.90
-138.19,-19.47
-146.06,-15.29
-146.06,-15.29
-146.06,-15.29
18.23,28.91
18.23,28.91
18.23,28.91
18.23,28.91
177.53,9.80
177.53,9.80
177.53,9.80
177.53,9.80
38.53,19.07
38.53,19.07
38.53,19.07
38.53,19.07
-10.48,13.12
-10.48,13.12
-10.48,13.12
-10.48,13.12
-31.70,-23.78
-31.70,-23.78
-31.70,-23.78
-17.87,-12.87
-17.87,-12.87
-17.87,-12.87
-17.87,-12.87
-139.56,-47.41
-139.56,-47.41
-139.56,-47.41
-139.56,-47.41
-162.38,0.00
-162.38,0.00
-162.38,0.00
-162.38,0.00
134.15,38.31
134.15,38.31
134.15,38.31
134.15,38.31
148.06,43.23
148.06,43.23
148.06,43.23
37.87,-10.53
39.16,-10.35
39.16,-10.35
39.16,-10.35
32.03,21.84
32.03,21.84
32.03,21.84
32.03,21.84
-37.80,-11.99
-37.80,-11.99
-37.80,-11.99
-37.80,-11.99
-28.45,-18.81
-28.45,-18.81
-28.45,-18.81
-28.45,-18.81
12.56,-33.23
12.56,-33.23
12.56,-33.23
170.22,-25.35
-139.89,10.33
-139.89,10.33
-139.89,10.33
155.42,28.19
155.42,28.19
155.42,28.19
155.42,28.19
52.55,29.07
52.55,29.07
52.55,29.07
52.55,29.07
155.25,40.37
155.25,40.37
155.25,40.37
155.25,40.37
38.59,22.87
38.59,22.87
38.59,22.87
-21.90,5.57
-22.02,5.57
-22.02,5.57
-22.02,5.57
-22.76,-35.42
-22.76,-35.42
-22.76,-35.42
-22.76,-35.42
29.09,-13.19
29.09,-13.19
29.09,-13.19
29.09,-13.19
-137.16,-11.31
-137.16,-11.31
-137.16,-11.31
-137.16,-11.31
176.30,0.56
176.30,0.56
176.30,0.56
6.36,2.12
57.94,1.13
57.94,1.13
57.94,1.13
116.91,12.98
116.91,12.98
116.91,12.98
116.91,12.98
47.78,10.44
47.78,10.44
47.78,10.44
47.78,10.44
-7.36,-13.37
-7.36,-13.37
-7.36,-13.37
-7.36,-13.37
-34.11,-35.80
-34.11,-35.80
-34.11,-35.80
-34.11,-35.80
-36.62,-17.17
-36.62,-17.17
-36.62,-17.17
-128.95,-10.33
-128.80,-10.30
-128.80,-10.30
-128.80,-10.30
-171.74,-0.11
-171.74,-0.11
-171.74,-0.11
-171.74,-0.11
3.34,32.76
3.34,32.76
3.34,32.76
3.34,32.76
150.92,22.66
150.92,22.66
150.92,22.66
150.92,22.66
38.52,25.61
38.52,25.61
38.52,25.61
38.52,25.61
-23.33,8.68
-23.33,8.68
-23.33,8.68
-33.85,-34.43
-33.74,-34.48
-33.74,-34.48
-33.74,-34.48
-5.37,2.55
-5.37,2.55
-5.37,2.55
-5.37,2.55
-137.41,-2.97
-137.41,-2.97
-137.41,-2.97
-137.41,-2.97
169.97,34.31
169.97,34.31
169.97,34.31
169.97,34.31
5.62,52.00
5.62,52.00
5.62,52.00
5.62,52.00
112.81,17.36
112.81,17.36
112.81,17.36
112.81,17.36
39.66,23.03
39.66,23.03
39.66,23.03
-14.76,10.83
-14.87,10.82
-14.87,10.82
-14.87,10.82
-19.84,-40.62
-19.84,-40.62
-19.84,-40.62
-19.84,-40.62
11.34,7.72
11.34,7.72
11.34,7.72
11.34,7.72
-133.67,-13.18
-133.67,-13.18
-133.67,-13.18
-133.67,-13.18
-143.14,13.94
-143.14,13.94
-143.14,13.94
136.67,34.33
136.67,34.33
136.67,34.33
136.67,34.33
179.64,61.51
179.64,61.51
179.64,61.51
179.64,61.51
0.76,54.40
0.76,54.40
0.76,54.40
0.76,54.40
33.42,16.54
33.42,16.54
33.42,16.54
33.42,16.54
-18.31,-41.34
-18.31,-41.34
-18.31,-41.34
-19.91,-33.11
-19.75,-33.14
-19.75,-33.14
-19.75,-33.14
-41.06,-29.49
-41.06,-29.49
-41.06,-29.49
-41.06,-29.49
-135.29,-5.78
-135.29,-5.78
-135.29,-5.78
-135.29,-5.78
113.43,-21.33
113.43,-21.33
113.43,-21.33
113.43,-21.33
0.75,48.17
0.75,48.17
0.75,48.17
178.83,41.57
-172.02,41.20
-172.02,41.20
-172.02,41.20
38.10,-19.16
38.10,-19.16
38.10,-19.16
38.10,-19.16
-31.56,-25.73
-31.56,-25.73
-31.56,-25.73
-31.56,-25.73
-38.43,3.69
-38.43,3.69
-38.43,3.69
-38.43,3.69
-21.90,-40.18
-21.90,-40.18
-21.90,-40.18
-21.90,-40.18
-136.77,14.39
-136.77,14.39
-136.77,14.39
128.52,12.39
128.52,12.39
128.52,12.39
128.52,12.39
25.48,64.49
25.48,64.49
25.48,64.49
25.48,64.49
64.04,22.15
64.04,22.15
64.04,22.15
64.04,22.15
42.86,15.87
42.86,15.87
42.86,15.87
42.86,15.87
-17.09,-24.45
-17.09,-24.45
-17.09,-24.45
31.57,11.25
31.49,11.26
31.49,11.26
31.49,11.26
133.55,39.62
133.55,39.62
133.55,39.62
133.55,39.62
-135.56,8.05
-135.56,8.05
-135.56,8.05
-135.56,8.05
117.12,17.65
117.12,17.65
117.12,17.65
117.12,17.65
24.89,49.30
24.89,49.30
24.89,49.30
25.74,39.45
32.68,36.42
32.68,36.42
32.68,36.42
39.68,-11.83
39.68,-11.83
39.68,-11.83
39.68,-11.83
-27.07,-38.56
-27.07,-38.56
-27.07,-38.56
-27.07,-38.56
19.65,-13.72
19.65,-13.72
19.65,-13.72
19.65,-13.72
-124.16,-22.31
-124.16,-22.31
-124.16,-22.31
-141.97,23.10
-139.12,22.25
-139.12,22.25
-139.12,22.25
46.65,-12.03
46.65,-12.03
46.65,-12.03
46.65,-12.03
124.67,-23.34
124.67,-23.34
124.67,-23.34
124.67,-23.34
7.74,8.18
7.74,8.18
7.74,8.18
7.74,8.18
22.43,-13.87
22.43,-13.87
22.43,-13.87
22.43,-13.87
-29.86,-37.83
-29.86,-37.83
-29.86,-37.83
-17.32,-10.48
-17.32,-10.48
-17.32,-10.48
-17.32,-10.48
-129.32,-35.06
-129.32,-35.06
-129.32,-35.06
-129.32,-35.06
-145.75,30.51
-145.75,30.51
-145.75,30.51
-145.75,30.51
24.31,31.94
24.31,31.94
24.31,31.94
142.17,47.26
149.70,53.37
149.70,53.37
149.70,53.37
40.66,22.85
40.66,22.85
40.66,22.85
40.66,22.85
28.52,13.41
28.52,13.41
28.52,13.41
28.52,13.41
-12.55,-5.25
-12.55,-5.25
-12.55,-5.25
-12.55,-5.25
3.18,25.73
3.18,25.73
3.18,25.73
3.18,25.73
-61.05,-25.40
-61.05,-25.40
-61.05,-25.40
-61.05,-25.40
-140.31,25.43
-140.31,25.43
-140.31,25.43
40.34,31.14
40.34,31.14
40.34,31.14
40.34,31.14
151.04,53.19
151.04,53.19
151.04,53.19
151.04,53.19
9.05,-17.99
9.05,-17.99
9.05,-17.99
9.05,-17.99
40.77,-6.66
40.77,-6.66
40.77,-6.66
40.77,-6.66
-23.41,-37.11
-23.41,-37.11
-23.41,-37.11
-23.41,-37.11
-11.11,-28.85
-11.11,-28.85
-11.11,-28.85
-32.69,-23.98
-32.60,-24.00
-32.60,-24.00
-32.60,-24.00
-135.05,2.38
-135.05,2.38
-135.05,2.38
-135.05,2.38
99.76,1.13
99.76,1.13
99.76,1.13
99.76,1.13
2.45,10.00
2.45,10.00
2.45,10.00
2.45,10.00
-161.29,42.78
-161.29,42.78
-161.29,42.78
-161.29,42.78
38.27,11.91
38.27,11.91
38.27,11.91
38.27,11.91
-34.62,-18.03
-34.62,-18.03
-34.62,-18.03
-7.67,-39.83
-7.67,-39.83
-7.67,-39.83
-7.67,-39.83
-26.14,-21.00
-26.14,-21.00
-26.14,-21.00
-26.14,-21.00
-104.72,-10.90
-104.72,-10.90
-104.72,-10.90
-104.72,-10.90
-170.82,-10.84
-170.82,-10.84
-170.82,-10.84
-9.34,9.79
27.52,8.79
27.52,8.79
27.52,8.79
149.10,11.61
149.18,11.62
149.18,11.62
149.18,11.62
43.97,23.40
43.97,23.40
43.97,23.40
43.97,23.40
26.47,0.20
26.47,0.20
26.47,0.20
26.47,0.20
-35.26,-35.26
-35.26,-35.26
-35.26,-35.26
-35.26,-35.26
12.01,22.25
12.01,22.25
12.01,22.25
12.01,22.25
-40.50,-19.04
-40.50,-19.04
-40.50,-19.04
-137.48,16.91
-137.42,16.89
-137.42,16.89
-137.42,16.89
69.90,-1.58
69.90,-1.58
69.90,-1.58
69.90,-1.58
64.09,25.26
64.09,25.26
64.09,25.26
64.09,25.26
106.55,15.48
106.55,15.48
106.55,15.48
106.55,15.48
41.46,8.69
41.46,8.69
41.46,8.69
44.39,9.19
-32.57,23.74
-32.57,23.74
-32.57,23.74
-42.68,6.32
-42.68,6.32
-42.68,6.32
-42.68,6.32
-19.04,-0.96
-19.04,-0.96
-19.04,-0.96
-19.04,-0.96
-121.76,-14.98
-121.76,-14.98
-121.76,-14.98
-121.76,-14.98
-163.46,30.71
-163.46,30.71
-163.46,30.71
-163.46,30.71
31.32,52.18
31.32,52.18
31.32,52.18
126.25,27.41
126.25,27.41
126.25,27.41
126.25,27.41
39.88,7.25
39.88,7.25
39.88,7.25
39.88,7.25
7.35,28.51
7.35,28.51
7.35,28.51
7.35,28.51
-40.54,-19.74
-40.54,-19.74
-40.54,-19.74
-40.54,-19.74
34.60,-14.35
34.60,-14.35
34.60,-14.35
34.60,-14.35
-114.48,-7.98
-114.48,-7.98
-114.48,-7.98
-137.78,1.33
-137.78,1.33
-137.78,1.33
-137.78,1.33
78.27,-6.29
78.27,-6.29
78.27,-6.29
78.27,-6.29
-1.78,1.43
-1.78,1.43
-1.78,1.43
-1.78,1.43
66.65,-22.89
66.65,-22.89
66.65,-22.89
66.65,-22.89
15.27,-27.74
15.27,-27.74
15.27,-27.74
15.27,-27.74
-41.35,-20.87
-41.35,-20.87
-41.35,-20.87
-41.35,-20.87
-38.64,-18.02
-38.64,-18.02
-38.64,-18.02
-22.39,-26.13
-22.39,-26.13
-22.39,-26.13
-22.39,-26.13
-135.89,10.14
-135.89,10.14
-135.89,10.14
-135.89,10.14
47.67,0.91
47.67,0.91
47.67,0.91
47.67,0.91
155.18,2.41
155.18,2.41
155.18,2.41
155.18,2.41
98.24,-7.98
98.24,-7.98
98.24,-7.98
24.96,18.80
25.05,18.79
25.05,18.79
25.05,18.79
-14.14,-25.96
-14.14,-25.96
-14.14,-25.96
-14.14,-25.96
-3.84,-31.05
-3.84,-31.05
-3.84,-31.05
-3.84,-31.05
-26.06,-38.25
-26.06,-38.25
-26.06,-38.25
-26.06,-38.25
-140.81,15.77
-140.81,15.77
-140.81,15.77
-132.92,18.36
146.02,22.71
146.02,22.71
146.02,22.71
167.11,45.31
167.11,45.31
167.11,45.31
167.11,45.31
-170.96,64.82
-170.96,64.82
-170.96,64.82
-170.96,64.82
34.67,18.40
34.67,18.40
34.67,18.40
34.67,18.40
-37.96,-22.08
-37.96,-22.08
-37.96,-22.08
-38.24,-20.70
-27.95,-23.42
-27.95,-23.42
-27.95,-23.42
-32.52,-31.75
-32.52,-31.75
-32.52,-31.75
-32.52,-31.75
-135.04,-2.14
-135.04,-2.14
-135.04,-2.14
-135.04,-2.14
138.39,35.07
138.39,35.07
138.39,35.07
138.39,35.07
169.80,34.72
169.80,34.72
169.80,34.72
64.80,1.15
64.80,1.15
64.80,1.15
64.80,1.15
39.75,10.22
39.75,10.22
39.75,10.22
39.75,10.22
-52.73,4.62
-52.73,4.62
-52.73,4.62
-52.73,4.62
11.67,-6.35
11.67,-6.35
11.67,-6.35
11.67,-6.35
-82.03,-6.81
-82.03,-6.81
-82.03,-6.81
-82.03,-6.81
-143.11,29.43
-143.11,29.43
-143.11,29.43
-46.34,36.31
22.00,51.32
22.00,51.32
22.00,51.32
135.72,27.99
135.97,28.12
135.97,28.12
135.97,28.12
41.76,18.65
41.76,18.65
41.76,18.65
41.76,18.65
11.97,-26.98
11.97,-26.98
11.97,-26.98
11.97,-26.98
-9.17,-29.46
-9.17,-29.46
-9.17,-29.46
-9.17,-29.46
25.46,27.29
25.46,27.29
25.46,27.29
144.53,38.22
-147.54,-34.80
-147.54,-34.80
-147.54,-34.80
-169.13,-8.21
-169.13,-8.21
-169.13,-8.21
-169.13,-8.21
25.67,41.79
25.67,41.79
25.67,41.79
25.67,41.79
169.22,50.80
169.22,50.80
169.22,50.80
169.22,50.80
39.43,-11.02
39.43,-11.02
39.43,-11.02
35.00,-4.77
-4.80,-5.69
-4.80,-5.69
-4.80,-5.69
-3.85,-36.88
-16.99,-35.12
-16.99,-35.12
-16.99,-35.12
31.73,-17.85
31.73,-17.85
31.73,-17.85
31.73,-17.85
-131.39,0.88
-131.39,0.88
-131.39,0.88
-131.39,0.88
165.70,5.49
165.70,5.49
165.70,5.49
165.70,5.49
13.08,34.56
13.08,34.56
13.08,34.56
13.08,34.56
107.11,-3.23
107.11,-3.23
107.11,-3.23
43.28,-3.51
43.28,-3.51
43.28,-3.51
43.28,-3.51
-20.89,-41.77
-20.89,-41.77
-20.89,-41.77
-20.89,-41.77
-45.67,7.00
-45.67,7.00
-45.67,7.00
-45.67,7.00
-29.54,-33.06
-29.54,-33.06
-29.54,-33.06
-29.54,-33.06
-146.52,-12.84
-146.52,-12.84
-146.52,-12.84
-146.52,-12.84
167.53,10.88
167.53,10.88
167.53,10.88
-1.43,54.14
-1.43,54.14
-1.43,54.14
-1.43,54.14
153.15,20.97
153.15,20.97
153.15,20.97
153.15,20.97
46.27,1.92
46.27,1.92
46.27,1.92
46.27,1.92
-32.58,-3.97
-32.58,-3.97
-32.58,-3.97
-32.58,-3.97
-37.53,-23.46
-37.53,-23.46
-37.53,-23.46
-37.53,-23.46
-19.28,-21.57
-19.28,-21.57
-19.28,-21.57
-147.30,9.59
-147.30,9.59
-147.30,9.59
-147.30,9.59
162.54,7.66
162.54,7.66
162.54,7.66
162.54,7.66
8.08,44.36
8.08,44.36
8.08,44.36
8.08,44.36
140.30,30.31
140.30,30.31
140.30,30.31
140.30,30.31
44.75,5.31
44.75,5.31
44.75,5.31
44.75,5.31
4.76,-25.20
4.76,-25.20
4.76,-25.20
4.76,-25.20
19.06,-19.27
19.06,-19.27
19.06,-19.27
25.39,14.93
25.50,14.92
25.50,14.92
25.50,14.92
-143.30,-2.97
-143.30,-2.97
-143.30,-2.97
-143.30,-2.97
170.89,28.03
170.89,28.03
170.89,28.03
170.89,28.03
28.60,37.95
28.60,37.95
28.60,37.95
28.60,37.95
165.07,24.55
165.07,24.55
165.07,24.55
16.39,-1.08
43.67,-0.81
43.67,-0.81
43.67,-0.81
12.71,-30.68
12.71,-30.68
12.71,-30.68
12.71,-30.68
-26.49,-36.62
-26.49,-36.62
-26.49,-36.62
-26.49,-36.62
2.37,-23.50
2.37,-23.50
2.37,-23.50
2.37,-23.50
-141.31,-26.99
-141.31,-26.99
-141.31,-26.99
-141.31,-26.99
-174.31,5.02
-174.31,5.02
-174.31,5.02
24.30,9.08
24.41,9.07
24.41,9.07
24.41,9.07
125.60,20.03
125.60,20.03
125.60,20.03
125.60,20.03
49.76,7.08
49.76,7.08
49.76,7.08
49.76,7.08
6.04,-7.72
6.04,-7.72
6.04,-7.72
6.04,-7.72
-33.58,-31.41
-33.58,-31.41
-33.58,-31.41
-33.58,-31.41
-32.82,-23.58
-32.82,-23.58
-32.82,-23.58
-32.82,-23.58
-143.11,-46.04
-143.11,-46.04
-143.11,-46.04
-138.20,0.00
-138.20,0.00
-138.20,0.00
-138.20,0.00
21.12,25.11
21.44,25.05
21.44,25.05
21.44,25.05
168.03,11.30
168.03,11.30
168.03,11.30
168.03,11.30
40.80,21.47
40.80,21.47
40.80,21.47
40.80,21.47
-5.13,-3.96
-5.13,-3.96
-5.13,-3.96
-5.13,-3.96
-35.46,-26.32
-35.46,-26.32
-35.46,-26.32
-35.46,-26.32
-10.93,-18.39
-10.93,-18.39
-10.93,-18.39
-168.14,-62.53
-153.90,-54.60
-153.90,-54.60
-153.90,-54.60
-142.45,14.13
-142.45,14.13
-142.45,14.13
-142.45,14.13
44.68,44.07
44.68,44.07
44.68,44.07
44.68,44.07
124.37,29.10
124.37,29.10
124.37,29.10
32.90,18.66
33.26,19.14
33.26,19.14
33.26,19.14
-10.67,-7.68
-10.67,-7.68
-10.67,-7.68
-10.67,-7.68
-37.63,-27.39
-37.63,-27.39
-37.63,-27.39
-37.63,-27.39
10.65,-18.95
10.65,-18.95
10.65,-18.95
10.65,-18.95
-39.32,-38.67
-39.32,-38.67
-39.32,-38.67
-39.32,-38.67
-135.08,3.02
-135.08,3.02
-135.08,3.02
-94.41,4.26
121.06,31.04
121.06,31.04
121.06,31.04
54.33,34.62
54.33,34.62
54.33,34.62
54.33,34.62
152.12,52.85
152.12,52.85
152.12,52.85
152.12,52.85
37.32,8.03
37.32,8.03
37.32,8.03
37.32,8.03
-26.22,-35.22
-26.22,-35.22
-26.22,-35.22
-26.22,-35.22
-22.92,-22.92
-22.92,-22.92
-22.92,-22.92
-23.93,-16.43
-10.77,-17.70
-10.77,-17.70
-10.77,-17.70
-150.44,15.00
-150.44,15.00
-150.44,15.00
-150.44,15.00
114.40,15.19
114.40,15.19
114.40,15.19
114.40,15.19
18.96,45.18
18.96,45.18
18.96,45.18
18.96,45.18
6.61,40.35
6.61,40.35
6.61,40.35
3.71,-26.59
41.81,-19.47
41.81,-19.47
41.81,-19.47
-18.77,-24.03
-18.77,-24.03
-18.77,-24.03
-18.77,-24.03
-38.34,-24.84
-38.34,-24.84
-38.34,-24.84
-38.34,-24.84
-10.42,-35.53
-10.42,-35.53
-10.42,-35.53
-10.42,-35.53
-137.68,-40.70
-137.68,-40.70
-137.68,-40.70
-144.31,-34.41
-166.07,-16.09
-166.07,-16.09
-166.07,-16.09
34.75,30.36
34.75,30.36
34.75,30.36
34.75,30.36
161.44,-11.33
161.44,-11.33
161.44,-11.33
161.44,-11.33
42.09,3.84
42.09,3.84
42.09,3.84
42.09,3.84
2.70,-22.45
2.70,-22.45
2.70,-22.45
2.70,-22.45
-38.22,-28.95
-38.22,-28.95
-38.22,-28.95
-38.22,-28.95
-8.67,-39.78
-8.67,-39.78
-8.67,-39.78
-46.06,-42.56
-46.06,-42.56
-46.06,-42.56
-46.06,-42.56
-138.53,20.52
-138.53,20.52
-138.53,20.52
-138.53,20.52
103.89,-2.97
103.89,-2.97
103.89,-2.97
103.89,-2.97
158.26,18.71
158.26,18.71
158.26,18.71
38.84,32.89
36.36,47.54
36.36,47.54
36.36,47.54
5.82,11.36
5.82,11.36
5.82,11.36
5.82,11.36
-33.92,-33.58
-33.92,-33.58
-33.92,-33.58
-33.92,-33.58
10.70,-32.42
10.70,-32.42
10.70,-32.42
10.70,-32.42
-173.62,-44.42
-173.62,-44.42
-173.62,-44.42
-173.62,-44.42
-139.72,20.60
-139.72,20.60
-139.72,20.60
138.83,46.69
138.83,46.69
138.83,46.69
138.83,46.69
129.03,38.39
129.03,38.39
129.03,38.39
129.03,38.39
35.64,21.52
35.64,21.52
35.64,21.52
35.64,21.52
16.62,-3.74
16.62,-3.74
16.62,-3.74
16.62,-3.74
-20.98,-25.34
-20.98,-25.34
-20.98,-25.34
-24.44,-0.11
44.64,-0.08
44.64,-0.08
44.64,-0.08
-141.37,-34.00
-141.37,-34.00
-141.37,-34.00
-141.37,-34.00
-160.71,27.65
-160.71,27.65
-160.71,27.65
-160.71,27.65
39.61,22.54
39.61,22.54
39.61,22.54
39.61,22.54
149.44,36.21
149.44,36.21
149.44,36.21
36.37,28.86
30.41,31.13
30.41,31.13
30.41,31.13
-7.41,8.30
-7.41,8.30
-7.41,8.30
-7.41,8.30
-5.24,-40.77
-5.24,-40.77
-5.24,-40.77
-5.24,-40.77
31.20,0.81
31.20,0.81
31.20,0.81
31.20,0.81
-113.38,-17.49
-113.38,-17.49
-113.38,-17.49
-113.38,-17.49
173.10,5.34
173.10,5.34
173.10,5.34
173.10,5.34
11.53,27.08
11.53,27.08
11.53,27.08
167.25,30.18
147.19,7.76
147.19,7.76
147.19,7.76
43.46,-13.41
43.46,-13.41
43.46,-13.41
43.46,-13.41
-9.46,-42.71
-9.46,-42.71
-9.46,-42.71
-9.46,-42.71
-4.93,-20.65
-4.93,-20.65
-4.93,-20.65
-4.93,-20.65
-27.64,-30.16
-27.64,-30.16
-27.64,-30.16
-27.64,-30.16
-140.59,-4.68
-140.59,-4.68
-140.59,-4.68
-140.59,-4.68
128.52,-7.14
128.52,-7.14
128.52,-7.14
-8.09,7.84
-8.09,7.84
-8.09,7.84
-8.09,7.84
130.57,21.87
130.57,21.87
130.57,21.87
130.57,21.87
39.47,-4.41
39.47,-4.41
39.47,-4.41
39.47,-4.41
-28.42,-26.47
-28.42,-26.47
-28.42,-26.47
-28.42,-26.47
-35.48,-7.34
-35.48,-7.34
-35.48,-7.34
-35.48,-7.34
-5.89,-32.71
-5.89,-32.71
-5.89,-32.71
-5.89,-32.71
-132.52,7.98
-132.52,7.98
-132.52,7.98
155.88,1.47
156.15,1.48
156.15,1.48
156.15,1.48
-15.26,60.26
-15.26,60.26
-15.26,60.26
-15.26,60.26
140.16,37.24
140.16,37.24
140.16,37.24
140.16,37.24
30.28,2.04
30.28,2.04
30.28,2.04
30.28,2.04
-35.59,0.09
-35.59,0.09
-35.59,0.09
-35.59,0.09
-34.79,-12.66
-34.79,-12.66
-34.79,-12.66
-18.90,3.71
-18.90,3.71
-18.90,3.71
-18.90,3.71
-138.26,19.68
-138.26,19.68
-138.26,19.68
-138.26,19.68
146.53,23.80
146.53,23.80
146.53,23.80
146.53,23.80
44.66,4.12
44.66,4.12
44.66,4.12
44.66,4.12
133.58,24.48
133.58,24.48
133.58,24.48
39.32,21.25
34.89,32.54
34.89,32.54
34.89,32.54
-38.05,9.03
-38.05,9.03
-38.05,9.03
-38.05,9.03
-30.59,-17.57
-30.59,-17.57
-30.59,-17.57
-30.59,-17.57
17.78,-36.69
17.78,-36.69
17.78,-36.69
17.78,-36.69
-135.13,12.22
-135.13,12.22
-135.13,12.22
-135.13,12.22
134.32,-5.67
134.32,-5.67
134.32,-5.67
37.42,42.96
29.62,48.24
29.62,48.24
29.62,48.24
27.64,25.50
27.64,25.50
27.64,25.50
27.64,25.50
43.04,17.45
43.04,17.45
43.04,17.45
43.04,17.45
-31.63,-31.40
-31.63,-31.40
-31.63,-31.40
-31.63,-31.40
-12.15,-36.29
-12.15,-36.29
-12.15,-36.29
-12.15,-36.29
-52.30,-25.97
-52.30,-25.97
-52.30,-25.97
-142.35,-19.76
-134.97,-5.97
-134.97,-5.97
-134.97,-5.97
124.41,-26.60
124.41,-26.60
124.41,-26.60
124.41,-26.60
2.90,-13.46
2.90,-13.46
2.90,-13.46
2.90,-13.46
71.74,-9.63
71.74,-9.63
71.74,-9.63
71.74,-9.63
40.98,14.84
40.98,14.84
40.98,14.84
40.98,14.84
-30.43,-29.33
-30.43,-29.33
-30.43,-29.33
-30.43,-29.33
-39.54,7.95
-39.54,7.95
-39.54,7.95
-13.31,-36.61
-13.21,-36.63
-13.21,-36.63
-13.21,-36.63
-135.18,-4.60
-135.18,-4.60
-135.18,-4.60
-135.18,-4.60
137.79,15.27
137.79,15.27
137.79,15.27
137.79,15.27
162.40,46.07
162.40,46.07
162.40,46.07
22.57,66.08
78.22,9.08
78.22,9.08
78.22,9.08
39.42,17.46
39.42,17.46
39.42,17.46
39.42,17.46
-19.47,-30.52
-19.47,-30.52
-19.47,-30.52
-19.47,-30.52
-28.97,14.41
-28.97,14.41
-28.97,14.41
-28.97,14.41
-80.29,9.40
-80.29,9.40
-80.29,9.40
-80.29,9.40
-138.76,21.22
-138.76,21.22
-138.76,21.22
-61.19,28.76
74.65,15.20
74.65,15.20
74.65,15.20
81.23,-2.48
81.23,-2.48
81.23,-2.48
81.23,-2.48
46.53,33.32
46.53,33.32
46.53,33.32
46.53,33.32
-4.84,40.55
-4.84,40.55
-4.84,40.55
-4.84,40.55
-37.05,-0.36
-37.05,-0.36
-37.05,-0.36
-37.05,-0.36
-0.67,3.82
-0.67,3.82
-0.67,3.82
-0.67,3.82
-149.63,-6.90
-149.63,-6.90
-149.63,-6.90
-149.63,-6.90
-169.67,-11.65
-169.67,-11.65
-169.67,-11.65
54.35,22.48
54.29,22.52
54.29,22.52
54.29,22.52
139.46,46.63
139.46,46.63
139.46,46.63
139.46,46.63
43.77,-11.98
43.77,-11.98
43.77,-11.98
43.77,-11.98
-24.11,-25.90
-24.11,-25.90
-24.11,-25.90
-24.11,-25.90
-10.41,-33.37
-10.41,-33.37
-10.41,-33.37
-23.52,-41.76
-23.66,-41.70
-23.66,-41.70
-23.66,-41.70
-132.46,-4.90
-132.46,-4.90
-132.46,-4.90
-132.46,-4.90
74.10,14.09
74.10,14.09
74.10,14.09
74.10,14.09
-33.45,52.38
-33.45,52.38
-33.45,52.38
-33.45,52.38
179.25,-74.40
179.25,-74.40
179.25,-74.40
0.21,-22.09
37.19,-17.29
37.19,-17.29
37.19,-17.29
-32.81,-33.74
-32.81,-33.74
-32.81,-33.74
-32.81,-33.74
-2.68,-5.59
-2.68,-5.59
-2.68,-5.59
-2.68,-5.59
-31.47,-43.09
-31.47,-43.09
-31.47,-43.09
-31.47,-43.09
-135.03,-1.83
-135.03,-1.83
-135.03,-1.83
-135.03,-1.83
127.22,37.07
127.22,37.07
127.22,37.07
140.62,28.70
168.34,-6.76
168.34,-6.76
168.34,-6.76
37.86,23.90
37.86,23.90
37.86,23.90
37.86,23.90
-3.61,12.79
-3.61,12.79
-3.61,12.79
-3.61,12.79
-42.88,-15.79
-42.88,-15.79
-42.88,-15.79
-42.88,-15.79
-9.92,-7.37
-9.92,-7.37
-9.92,-7.37
-9.92,-7.37
-143.00,-36.17
-143.00,-36.17
-143.00,-36.17
-143.00,-36.17
-169.45,3.95
-169.45,3.95
-169.45,3.95
-13.84,54.12
39.91,39.75
39.91,39.75
39.91,39.75
135.77,20.08
135.77,20.08
135.77,20.08
135.77,20.08
44.68,10.23
44.68,10.23
44.68,10.23
44.68,10.23
1.23,-2.25
1.23,-2.25
1.23,-2.25
1.23,-2.25
-19.19,-31.45
-19.19,-31.45
-19.19,-31.45
-19.19,-31.45
31.75,-4.57
31.75,-4.57
31.75,-4.57
31.75,-4.57
-137.21,6.61
-137.21,6.61
-137.21,6.61
-133.32,-8.58
162.63,-11.98
162.63,-11.98
162.63,-11.98
7.36,36.52
7.36,36.52
7.36,36.52
7.36,36.52
112.05,-14.07
112.05,-14.07
112.05,-14.07
112.05,-14.07
44.58,-6.96
44.58,-6.96
44.58,-6.96
44.58,-6.96
-25.72,-19.29
-25.72,-19.29
-25.72,-19.29
-25.72,-19.29
-38.33,-14.67
-38.33,-14.67
-38.33,-14.67
-23.71,-36.35
-23.71,-36.35
-23.71,-36.35
-23.71,-36.35
-141.19,-16.98
-141.19,-16.98
-141.19,-16.98
-141.19,-16.98
148.54,28.03
148.54,28.03
148.54,28.03
148.54,28.03
-178.31,68.29
-178.31,68.29
-178.31,68.29
170.64,75.12
170.64,75.12
170.64,75.12
170.64,75.12
32.88,17.13
32.88,17.13
32.88,17.13
32.88,17.13
-20.20,-30.56
-20.20,-30.56
-20.20,-30.56
-20.20,-30.56
-33.04,-7.65
-33.04,-7.65
-33.04,-7.65
-33.04,-7.65
7.65,-37.51
7.65,-37.51
7.65,-37.51
175.77,-19.72
-142.53,0.53
-142.53,0.53
-142.53,0.53
147.26,23.39
147.26,23.39
147.26,23.39
147.26,23.39
-7.73,39.07
-7.73,39.07
-7.73,39.07
-7.73,39.07
133.25,30.73
133.25,30.73
133.25,30.73
133.25,30.73
42.85,-2.71
42.85,-2.71
42.85,-2.71
42.85,-2.71
-8.85,-20.71
-8.85,-20.71
-8.85,-20.71
-7.46,-17.37
7.57,10.78
7.57,10.78
7.57,10.78
-6.20,-8.60
-6.36,-8.60
-6.36,-8.60
-6.36,-8.60
-158.93,29.73
-159.09,29.77
-159.09,29.77
-159.09,29.77
155.12,10.05
155.12,10.05
155.12,10.05
155.12,10.05
11.32,44.41
11.32,44.41
11.32,44.41
11.32,44.41
-179.57,33.05
-179.57,33.05
-179.57,33.05
-0.29,-30.63
40.73,-22.65
40.73,-22.65
40.73,-22.65
-18.12,-1.49
-18.12,-1.49
-18.12,-1.49
-18.12,-1.49
-23.04,-33.74
-23.04,-33.74
-23.04,-33.74
-23.04,-33.74
-11.81,-52.92
-11.81,-52.92
-11.81,-52.92
-11.81,-52.92
-139.22,-10.34
-139.22,-10.34
-139.22,-10.34
-128.45,-12.43
145.69,-1.42
145.69,-1.42
145.69,-1.42
32.93,28.69
32.93,28.69
32.93,28.69
32.93,28.69
-179.18,32.09
-179.18,32.09
-179.18,32.09
-179.18,32.09
41.40,5.94
41.40,5.94
41.40,5.94
41.40,5.94
-29.80,-17.25
-29.80,-17.25
-29.80,-17.25
-29.80,-17.25
-22.49,-20.42
-22.49,-20.42
-22.49,-20.42
-21.47,-27.74
-25.78,-26.77
-25.78,-26.77
-25.78,-26.77
-130.95,1.81
-130.95,1.81
-130.95,1.81
-130.95,1.81
176.11,-15.42
176.11,-15.42
176.11,-15.42
176.11,-15.42
21.35,67.66
21.35,67.66
21.35,67.66
21.35,67.66
144.15,28.49
144.15,28.49
144.15,28.49
43.76,-12.77
43.76,-12.77
43.76,-12.77
43.76,-12.77
5.05,9.77
5.05,9.77
5.05,9.77
5.05,9.77
-30.45,-30.17
-30.45,-30.17
-30.45,-30.17
-30.45,-30.17
-2.87,10.86
-2.87,10.86
-2.87,10.86
-2.87,10.86
-152.19,-21.49
-152.19,-21.49
-152.19,-21.49
-152.19,-21.49
-164.69,-4.11
-164.69,-4.11
-164.69,-4.11
-17.33,-4.64
31.34,32.94
31.34,32.94
31.34,32.94
117.46,14.88
117.46,14.88
117.46,14.88
117.46,14.88
40.03,26.59
40.03,26.59
40.03,26.59
40.03,26.59
-13.53,20.28
-13.53,20.28
-13.53,20.28
-13.53,20.28
-35.93,-21.86
-35.93,-21.86
-35.93,-21.86
-35.93,-21.86
-20.32,-2.32
-20.32,-2.32
-20.32,-2.32
-144.23,-54.13
-130.24,-40.18
-130.24,-40.18
-130.24,-40.18
-152.85,5.38
-152.85,5.38
-152.85,5.38
-152.85,5.38
42.97,10.27
42.97,10.27
42.97,10.27
42.97,10.27
120.54,14.78
120.54,14.78
120.54,14.78
120.54,14.78
50.04,6.76
50.04,6.76
50.04,6.76
43.86,6.11
20.32,-11.51
20.32,-11.51
20.32,-11.51
-31.50,-35.30
-31.50,-35.30
-31.50,-35.30
-31.50,-35.30
-25.99,5.43
-25.99,5.43
-25.99,5.43
-25.99,5.43
-123.93,-26.92
-123.93,-26.92
-123.93,-26.92
-123.93,-26.92
-139.25,-11.65
-139.25,-11.65
-139.25,-11.65
-43.92,-12.39
29.49,11.05
29.49,11.05
29.49,11.05
-25.14,-23.49
-25.14,-23.49
-25.14,-23.49
-25.14,-23.49
39.22,29.52
39.22,29.52
39.22,29.52
39.22,29.52
25.65,1.11
25.65,1.11
25.65,1.11
25.65,1.11
-40.89,-21.21
-40.89,-21.21
-40.89,-21.21
-40.89,-21.21
5.01,-23.73
5.01,-23.73
5.01,-23.73
5.01,-23.73
-146.62,-45.21
-146.62,-45.21
-146.62,-45.21
-148.73,25.82
-148.73,25.82
-148.73,25.82
-148.73,25.82
37.12,39.87
37.12,39.87
37.12,39.87
37.12,39.87
115.20,-8.18
115.20,-8.18
115.20,-8.18
115.20,-8.18
41.52,41.74
41.52,41.74
41.52,41.74
41.52,41.74
4.10,8.45
4.10,8.45
4.10,8.45
4.10,8.45
-42.33,-13.59
-42.33,-13.59
-42.33,-13.59
-42.33,-13.59
28.32,1.98
28.32,1.98
28.32,1.98
-129.48,-32.98
-129.48,-32.98
-129.48,-32.98
-129.48,-32.98
-146.90,7.00
-146.90,7.00
-146.90,7.00
-146.90,7.00
31.30,21.72
31.30,21.72
31.30,21.72
31.30,21.72
146.79,-10.55
146.79,-10.55
146.79,-10.55
43.24,-13.24
48.18,14.00
48.18,14.00
48.18,14.00
13.68,-6.41
13.68,-6.41
13.68,-6.41
13.68,-6.41
-26.90,-37.63
-26.90,-37.63
-26.90,-37.63
-26.90,-37.63
-9.34,-2.44
-9.34,-2.44
-9.34,-2.44
-9.34,-2.44
-131.37,-40.19
-131.37,-40.19
-131.37,-40.19
-131.37,-40.19
-143.10,-0.54
-143.10,-0.54
-143.10,-0.54
-143.10,-0.54
33.10,51.45
33.10,51.45
33.10,51.45
149.70,46.27
137.22,13.26
137.22,13.26
137.22,13.26
41.21,21.14
41.21,21.14
41.21,21.14
41.21,21.14
31.69,-1.62
31.69,-1.62
31.69,-1.62
31.69,-1.62
-33.25,7.08
-33.25,7.08
-33.25,7.08
-33.25,7.08
16.57,3.01
16.57,3.01
16.57,3.01
16.57,3.01
-24.88,-57.74
-24.88,-57.74
-24.88,-57.74
-24.88,-57.74
-146.61,24.85
-146.61,24.85
-146.61,24.85
103.63,4.27
103.63,4.27
103.63,4.27
103.63,4.27
156.22,-61.74
156.22,-61.74
156.22,-61.74
156.22,-61.74
72.91,15.34
72.91,15.34
72.91,15.34
72.91,15.34
38.31,-0.62
38.31,-0.62
38.31,-0.62
38.31,-0.62
-37.53,-19.73
-37.53,-19.73
-37.53,-19.73
-39.80,-8.50
-37.06,-8.58
-37.06,-8.58
-37.06,-8.58
-39.06,-36.74
-39.06,-36.74
-39.06,-36.74
-39.06,-36.74
-136.44,-12.96
-136.44,-12.96
-136.44,-12.96
-136.44,-12.96
133.81,25.73
133.81,25.73
133.81,25.73
133.81,25.73
2.35,39.75
2.35,39.75
2.35,39.75
2.35,39.75
79.33,-5.95
79.33,-5.95
79.33,-5.95
42.38,8.09
44.47,7.82
44.47,7.82
44.47,7.82
